,strategy,benchmark
2024-09-19,1000000.0,1022004.02694661
2024-09-20,997705.2900000004,1018533.029904467
2024-09-23,1015565.2054836007,1020030.695794573
2024-09-24,1050393.216141804,1055576.4817439655
2024-09-25,1081090.5352082937,1068461.692466395
2024-09-26,1118416.450100517,1104412.6451000231
2024-09-27,1181833.8601058822,1160886.3946539734
2024-09-30,1328231.6419427195,1294141.1566386584
2024-10-08,1450470.7074165072,1408800.0694923846
2024-10-09,1307213.1268994766,1279067.4958644435
2024-10-10,1293969.866467704,1279867.7472788445
2024-10-11,1231048.3650041332,1227657.3108936336
2024-10-14,1277820.654600938,1267886.2159091295
2024-10-15,1282431.5859084192,1248499.9925262507
2024-10-16,1293803.832890501,1254657.1608538174
2024-10-17,1291222.346048691,1251319.4825839032
2024-10-18,1331305.8818678674,1295480.87698713
2024-10-21,1380136.8411071228,1326184.9827066595
2024-10-22,1452857.252881453,1336577.4701923234
2024-10-23,1448875.8562479287,1343871.7100557275
2024-10-24,1483973.5368636607,1343829.0986578972
2024-10-25,1537843.1406863718,1372491.1298285164
2024-10-28,1548096.2033957366,1408172.0893784584
2024-10-29,1675663.21740173,1386248.7116155352
2024-10-30,1754787.627084676,1388586.397082869
2024-10-31,1842211.9658266169,1406653.7216008964
2024-11-01,1826998.5062934647,1361582.4499478524
2024-11-04,1789090.433568616,1392758.1278358882
2024-11-05,1827412.1604219694,1438831.2725955644
2024-11-06,1822831.0081166022,1452548.9698125578
2024-11-07,1849536.0181566784,1488960.1550114385
2024-11-08,1894163.7345450432,1490719.7296705693
2024-11-11,1750084.7852673281,1523475.7355164106
2024-11-12,1810015.9348893987,1508663.6807507647
2024-11-13,1755878.1209190576,1512002.3000743466
2024-11-14,1750456.31657841,1469236.4229439327
2024-11-15,1717598.852585787,1442634.4408320973
2024-11-18,1663910.9129343685,1410667.4930389666
2024-11-19,1681109.234310817,1442711.6984552206
2024-11-20,1730732.2605788975,1475934.3775982533
2024-11-21,1714020.8988415159,1483306.7507761815
2024-11-22,1812273.2107553596,1430779.0590310874
2024-11-25,1883966.6417374078,1449923.1432290967
2024-11-26,1860504.914565133,1434994.5132111383
2024-11-27,1817656.316486685,1459477.5246235414
2024-11-28,1800650.955349624,1463251.5199018938
2024-11-29,1776594.3476621404,1486303.1848737565
2024-12-02,1846031.4323646193,1519661.387457521
2024-12-03,1881100.565148366,1523040.0482193334
2024-12-04,1823257.0061994933,1500886.419649226
2024-12-05,1847358.0289234489,1520716.5099277098
2024-12-06,1851680.7955848444,1534487.205482001
2024-12-09,1846348.4312540852,1528467.066816952
2024-12-10,1863808.2827713026,1540082.8431552572
2024-12-11,1862178.9635448745,1559246.411981712
2024-12-12,1877241.8386800236,1575022.2754552122
2024-12-13,1873881.6228272063,1548677.9080689347
2024-12-16,1828248.711629685,1538672.5513942232
2024-12-17,1718310.7966440516,1484518.151723734
2024-12-18,1740486.7241565045,1491516.7543723867
2024-12-19,1713681.1657139114,1493717.2589931055
2024-12-20,1735446.0183801437,1509594.646648801
2024-12-23,1662114.11561135,1448635.283405487
2024-12-24,1665240.5722680518,1462361.1238225182
2024-12-25,1597911.407170532,1432723.5317422878
2024-12-26,1609351.2971386625,1449847.9029628413
2024-12-27,1613712.2436310097,1459576.0893269677
2024-12-30,1544822.2929013623,1443260.7880905091
2024-12-31,1544570.642833906,1409492.9854429478
2025-01-02,1527060.5495473503,1384311.6861478437
2025-01-03,1518688.0542921876,1336048.4824854236
2025-01-06,1348332.561047657,1329478.954212076
2025-01-07,1476601.2552224565,1358899.3781640255
2025-01-08,1465871.4148126857,1358463.0510188313
2025-01-09,1492992.7107360037,1363701.54689368
2025-01-10,1427998.3018574386,1325925.4287051372
2025-01-13,1401346.0287401413,1327157.7822778374
2025-01-14,1493519.44920587,1391126.5046198622
2025-01-15,1498908.2758177817,1385685.2264805266
2025-01-16,1513789.2673915238,1394704.9990820908
2025-01-17,1502168.7926050832,1395644.6256944279
2025-01-20,1544043.2361149488,1408160.1366374677
2025-01-21,1514753.118214045,1406446.2006719701
2025-01-22,1472409.6316842185,1390618.324402921
2025-01-23,1462550.2709809085,1388419.6417534302
2025-01-24,1471810.443093298,1404413.8750575625
2025-01-27,1444067.253402231,1389301.480180822
2025-02-05,1485113.407467573,1403090.8744988146
2025-02-06,1543257.7352039777,1436339.481974822
2025-02-07,1605468.4287069966,1457319.2704547609
2025-02-10,1696680.9963551415,1484456.692205492
2025-02-11,1747814.4305140958,1481873.2952584315
2025-02-12,1759185.8833317,1497541.3923584924
2025-02-13,1737438.1049376929,1482080.2017402106
2025-02-14,1714295.0944943056,1486313.6129459282
2025-02-17,1744750.6389656924,1505393.6237109953
2025-02-18,1672644.498301178,1469823.180377577
2025-02-19,1715950.6302694997,1502363.150909315
2025-02-20,1722720.3811111436,1517069.2229276241
2025-02-21,1738796.9025963417,1531346.4558003729
2025-02-24,1720577.7527358043,1536102.5205737578
2025-02-25,1707973.9149666522,1529672.965228142
2025-02-26,1729029.9700099654,1551831.6424722918
2025-02-27,1720857.3424936095,1551573.5770016175
2025-02-28,1708855.1202284927,1503801.9966971308
2025-03-03,1722053.2835630807,1513158.7665222571
2025-03-04,1711217.5224747844,1534199.1802077042
2025-03-05,1691223.9809065126,1539233.7493764462
2025-03-06,1704106.6970602702,1564168.470194608
2025-03-07,1686856.0642875005,1557919.645694666
2025-03-10,1730749.4213823122,1567982.8688089259
2025-03-11,1723285.404147665,1574997.428045001
2025-03-12,1729834.8129615812,1582528.0605134321
2025-03-13,1695602.3683105703,1565814.797893431
2025-03-14,1743985.194137501,1593845.0154774913
2025-03-17,1794654.3545917608,1604217.6358790013
2025-03-18,1808165.7248019115,1613083.4676322297
2025-03-19,1770055.4777799947,1601085.7546659766
2025-03-20,1754322.3744242336,1596853.7431603593
2025-03-21,1760161.4576093485,1569333.9596227466
2025-03-24,1575309.5986083085,1546798.227116988
2025-03-25,1645042.6315905654,1543518.355509649
2025-03-26,1673774.3537041259,1557545.4149626452
2025-03-27,1663580.6183113896,1550699.271339204
2025-03-28,1622835.0946223617,1528449.5739949716
2025-03-31,1604362.9709340213,1510386.020083885
2025-04-01,1631449.2548242467,1527652.5937206836
2025-04-02,1630398.7535864005,1530916.24879122
2025-04-03,1636635.5942330132,1522149.8225733866
2025-04-07,1425769.6137430915,1338108.418588686
2025-04-08,1419381.4911165985,1348477.759583736
2025-04-09,1458025.6109876577,1385959.7268317856
2025-04-10,1527457.9293102252,1425495.14422521
2025-04-11,1531186.4545843422,1437518.6315149495
2025-04-14,1570092.9020734387,1464397.410314256
2025-04-15,1521522.3373666836,1464556.7644847042
2025-04-16,1568448.7449360644,1443598.3779974876
2025-04-17,1568789.8667798324,1452999.3211415638
2025-04-18,1561077.147816091,1451197.4012907692
2025-04-21,1561692.2580978356,1476644.4684505414
2025-04-22,1543184.1049448915,1478344.7545939214
2025-04-23,1526368.749350866,1487779.5841595475
2025-04-24,1490027.9288063517,1474599.331041947
2025-04-25,1487874.0769917327,1477086.693618728
2025-04-28,1389887.2592237182,1456209.5045373281
2025-04-29,1120969.2407603338,1467991.0677762972
2025-04-30,1435232.1037963084,1482019.7563173592
2025-05-06,1538649.1390084012,1523599.0092870952
2025-05-07,1557350.6586678359,1534978.9373096498
2025-05-08,1581674.4906443288,1551290.6220039907
2025-05-09,1577266.050559763,1535360.0797233272
2025-05-12,1609117.1266860117,1556615.6161841985
2025-05-13,1604931.290704851,1553500.059189342
2025-05-14,1606341.6527253597,1556739.4586978618
2025-05-15,1597727.1859220476,1543928.6624460735
2025-05-16,1595024.60409376,1551190.8556327508
2025-05-19,1642296.7819765143,1565166.739062317
2025-05-20,1678455.46611237,1581377.9680137136
2025-05-21,1683191.0254682237,1573924.8282987564
2025-05-22,1678325.1053816667,1552534.4543268273
2025-05-23,1656203.960708035,1535548.0633608857
2025-05-26,1679755.8089660385,1550213.181450542
2025-05-27,1694924.7100784464,1552620.2224626106
2025-05-28,1677155.7657017158,1546139.6820628939
2025-05-29,1695046.559084272,1570732.677034163
2025-05-30,1682845.7703759908,1548916.4767507752
2025-06-03,1687773.7677663288,1561514.539156293
2025-06-04,1717596.188123241,1576263.1206228223
2025-06-05,1611678.9637293075,1580415.6669402176
2025-06-06,1623701.129106461,1579509.0935776937
2025-06-09,1662051.1191887227,1598299.0502177558
2025-06-10,1667499.192312039,1585778.370737913
2025-06-11,1690896.8359596871,1594660.370373893
2025-06-12,1793775.2256332925,1597517.097745623
2025-06-13,1754787.4033140957,1568417.8405062295
2025-06-16,1764335.575601207,1581881.8018361963
2025-06-17,1771398.0971074908,1579195.2784574658
2025-06-18,1730339.1919770017,1572985.067609274
2025-06-19,1698729.2285240549,1544803.3252968295
2025-06-20,1677773.1422706349,1533340.8389401159
2025-06-23,1685932.2861482783,1557600.1953258156
2025-06-24,1618661.1599755976,1587982.5120234082
2025-06-25,1676632.703049427,1602619.0910462039
2025-06-26,1711581.45145019,1598905.866510823
2025-06-27,1495754.9491332883,1606479.6653083914
2025-06-30,1416741.468709034,1627193.8439695006
2025-07-01,1407114.4498920026,1633189.510285559
2025-07-02,1410479.5163833583,1625787.3375600812
2025-07-03,1417478.339779519,1634921.8917993244
2025-07-04,1493094.023129775,1620378.381203754
2025-07-07,1190845.3980284296,1629737.1886186001
2025-07-08,1211782.625474792,1648771.7894258061
2025-07-09,1200558.8330309517,1645689.2513566597
2025-07-10,1202512.5077137805,1649411.0646752154
2025-07-11,1211231.702481227,1655357.8049950458
2025-07-14,1529071.60179353,1664003.511828953
2025-07-15,1590950.6728461469,1650718.744469881
2025-07-16,1693480.0383316218,1659676.095001478
2025-07-17,1445975.9890854165,1674154.1715392123
2025-07-18,1448244.6365534784,1677751.5108771874
2025-07-21,1462657.131479648,1700055.305412148
2025-07-22,2002368.2573523289,1706611.3813589958
2025-07-23,2051703.2361236901,1694818.934068037
2025-07-24,2058117.429130773,1716024.7434480928
2025-07-25,2016141.203101263,1718733.9305608275
2025-07-28,1996698.1806359757,1726892.515016347
2025-07-29,2022466.6166267807,1730941.6914497826
2025-07-30,2004937.2988818383,1722377.4872755343
2025-07-31,1974899.9410505763,1704174.9556572044
2025-08-01,1931656.6016180883,1712478.00947971
2025-08-04,1944967.2340340202,1732358.4286453407
2025-08-05,1881095.5494022325,1747372.9391763294
2025-08-06,1870613.9883083461,1761748.3756602618
2025-08-07,1743612.0555726544,1762661.802030227
2025-08-08,1758081.4290645572,1762055.750596459
2025-08-11,1775618.8224369914,1787210.6480160262
2025-08-12,1754832.9914247242,1787080.6314078753
2025-08-13,1752853.007945803,1798862.1737377564
2025-08-14,1712038.13624995,1767046.6104934248
2025-08-15,1729344.6291900387,1798934.5638925203
2025-08-18,1764335.7126963797,1828895.776944172
2025-08-19,1946902.149247049,1838816.216282489
2025-08-20,1969137.041002722,1853137.877822152
2025-08-21,1950917.2349628313,1847811.156963958
2025-08-22,1993080.1554848007,1859909.9973116266
2025-08-25,1991824.3653524714,1878948.6924677237
2025-08-26,2015553.3589269104,1883490.01308557
2025-08-27,1984074.579073613,1838946.5438286148
2025-08-28,1987312.31592901,1850800.9476293018
2025-08-29,1929680.8435272048,1847220.5574020885
2025-09-01,1940885.4534461396,1865047.91314108
2025-09-02,1926071.6985784662,1837344.721453251
2025-09-03,1881769.2027039225,1803136.5235179684
2025-09-04,1849708.3126331293,1789549.8407423405
2025-09-05,1781011.7916801707,1833149.5101691477
2025-09-08,1886697.4535688031,1856621.6028509077
2025-09-09,1860641.0683541172,1838262.6540974756
2025-09-10,1869290.950204899,1840840.6812466332
2025-09-11,1879252.3467729148,1868655.7346304213
2025-09-12,1860331.4643010125,1867694.2583382009
2025-09-15,1849456.283003625,1865988.3657670796
2025-09-16,1874568.7109916322,1885790.2454494892
2025-09-17,1884275.8936764235,1892712.7924079457
2025-09-18,1878138.2882296266,1867800.1731231546
2025-09-19,1836664.41655186,1857762.5742028288
2025-09-22,1823680.3009738033,1859097.8345523418
2025-09-23,1805777.1423383132,1835077.709037357
2025-09-24,1839150.5622596329,1863798.4479181103
2025-09-25,1829897.9443337673,1854301.966854042
2025-09-26,1817661.426753648,1839265.386194439
2025-09-29,1672693.3287776965,1856293.5054337748
2025-09-30,1775768.8674450158,1864888.3262538037
2025-10-09,1651777.0615445776,1879003.439526811
2025-10-10,1625355.5001321214,1872277.913545051
2025-10-13,1630232.9403565146,1866405.3315945806
2025-10-14,1602527.8987410504,1845311.1818416358
2025-10-15,1620422.724117347,1871656.5916849608
2025-10-16,1752311.0952566385,1853405.5238055266
2025-10-17,1741982.1969390302,1811710.2127478465
2025-10-20,1733011.7201445969,1834729.5632045134
2025-10-21,1736775.4880933336,1864775.6284566405
2025-10-22,1826945.8273959167,1861777.6807987662
2025-10-23,1822910.7299699448,1865363.1549267913
2025-10-24,1833831.6964098893,1877863.795065038
2025-10-27,1864568.8960063793,1892804.2194536538
2025-10-28,1863563.7679430696,1893896.1056390137
2025-10-29,1853009.0284218837,1899276.7247298264
2025-10-30,1838314.2612170342,1878677.2356752856
2025-10-31,1897773.7937619097,1894953.9486777936
2025-11-03,1948972.4396592213,1910138.4602244392
2025-11-04,1968788.5275138055,1896528.7571336378
2025-11-05,1984459.9004584623,1909758.384441238
2025-11-06,1961423.8318015672,1919405.433152534
2025-11-07,1964809.365322049,1916999.8342204136
2025-11-10,2012610.4228572706,1930427.8451920787
2025-11-11,2041288.358488211,1935059.5313214385
2025-11-12,2048004.9292556483,1925949.116302507
2025-11-13,1874409.7189025676,1947370.8182643158
2025-11-14,1873066.994501162,1940299.0004155634
2025-11-17,1875994.517031128,1945215.544572107
2025-11-18,2038726.2275045745,1923889.2582714478
2025-11-19,1986085.4538178027,1901360.5553901128
2025-11-20,2001078.9368593555,1887367.7693959197
2025-11-21,1950514.389922447,1817156.7852221567
2025-11-24,1949122.153881424,1844272.137553837
2025-11-25,1999851.2537555099,1869568.4374579664
2025-11-26,1892966.0895733347,1863369.4657652567
2025-11-27,1869422.3274381203,1869199.2863316943
2025-11-28,1872342.4201397225,1891946.9998929885
2025-12-01,1855784.057991247,1903658.3659647754
2025-12-02,1855887.6772444295,1893950.568227705
2025-12-03,1818723.1764049889,1879610.9118100102
2025-12-04,1805437.685944242,1865342.8056615419
2025-12-05,1812708.0126827082,1891444.3764659658
2025-12-08,1802135.1319509803,1908762.285177087
2025-12-09,1782970.5099863245,1895897.3988989515
2025-12-10,1762882.2850562213,1897227.4329717362
2025-12-11,1731641.4608020892,1865880.004092534
2025-12-12,1708529.2331895134,1871065.8534558276
2025-12-15,1735696.5787149637,1867161.205656882
2025-12-16,1717796.8160422728,1836564.2373980638
2025-12-17,1856184.3723746513,1851032.746483251
2025-12-18,1849630.5386555335,1855985.6315721085
2025-12-19,1879524.4110389506,1883063.4284815602
2025-12-22,1940824.1789629383,1895377.5813478013
2025-12-23,1916579.050865631,1885674.9550685477
2025-12-24,1938466.2677747952,1909287.0329010538
2025-12-25,1968043.1130748373,1928440.8770195327
2025-12-26,1858155.3812135651,1928241.0282904524
2025-12-29,1969883.5194764219,1925245.5936647898
2025-12-30,1960775.250783883,1920606.5106772918
2025-12-31,1952731.9512857709,1923346.784595125
2026-01-05,1992996.8644255863,1955386.6326038905
2026-01-06,2023302.0436730213,1980182.081384556
2026-01-07,2033515.2467192402,1984897.7006542857
2026-01-08,2054997.4897901702,2006092.0290487388
2026-01-09,2092131.0728872882,2033600.2002785644
2026-01-12,2005031.946382042,2076679.5486908185
2026-01-13,2031758.502696874,2052911.2650596478
2026-01-14,2148983.8087951443,2066355.2205617854
2026-01-15,2111132.417740604,2058014.2592257985
2026-01-16,2089226.4500542681,2056961.8438423057
2026-01-19,1964631.9716915474,2077276.0111910808
2026-01-20,2084722.4273700581,2068086.2348310547
2026-01-21,2111266.7120284457,2083863.2133345834
2026-01-22,2206747.9434504984,2101926.063016542
2026-01-23,2263391.289626614,2132922.8999190833
2026-01-26,2162230.288710991,2109622.5452774637
2026-01-27,2177656.1932213875,2106969.2366969655
2026-01-28,2207182.865112396,2095964.3167758735
2026-01-29,2259846.704689488,2081115.0198539705
2026-01-30,1976092.5570792549,2075904.4792412515
2026-02-02,1940160.6057548707,2026744.9238976827
2026-02-03,1985037.2701662383,2072489.5746159863
2026-02-04,2274788.0310935406,2082840.8728760132
2026-02-05,2345432.5753343813,2065844.2633505042
2026-02-06,2005421.2504455,2070334.7586054616
2026-02-09,2023948.000614044,2106868.254596234
2026-02-10,2010435.720885751,2107849.2348249992
2026-02-11,2322144.6403792184,2104397.378612686
2026-02-12,2239118.4665029887,2103602.0670611407
2026-02-13,2241895.8355204104,2089351.4782791792
2026-02-24,2275274.760049545,2116520.2577301282
2026-02-25,2303039.96955887,2139038.7913764683
2026-02-26,2313886.7457760167,2146017.8411858073
2026-02-27,2351651.0781400283,2162311.6530534243
2026-03-02,2276043.94496206,2126779.793551687
2026-03-03,2203493.620390474,2056179.9054640804
2026-03-04,2214203.922472681,2045524.0671963827
2026-03-05,2226103.7988721076,2070624.4987750226
2026-03-06,2254834.085130724,2103748.3738175924
2026-03-09,2234362.3703570003,2088453.261931131
2026-03-10,2267543.4284138684,2125930.9274434913
2026-03-11,2290006.5783109753,2124673.61498238
2026-03-12,2281893.245027724,2109593.222869002
2026-03-13,2231357.158674844,2091110.9873336083
2026-03-16,2261349.628624447,2094224.579981493
2026-03-17,2262001.0507945525,2054353.8322256652
2026-03-18,2257893.878653691,2076333.5354671394
2026-03-19,2245583.0825870507,2027320.3719553608
2026-03-20,2125218.241147288,1980952.249649102
2026-03-23,2089230.4075270758,1879479.961997197
2026-03-24,2293915.6718034386,1944304.3363023733
2026-03-25,2218653.8103728388,1983051.5723250455
2026-03-26,2298924.1610748093,1954345.2871339554
2026-03-27,2351195.8660962908,1983100.510468067
2026-03-30,2382907.3878433835,1989882.9929649853
2026-03-31,2365884.1413944596,1960261.9797571665
2026-04-01,2381284.8479728005,1992986.0459196002
2026-04-02,2333662.9310217705,1960948.0167496318
2026-04-03,2270298.7481998256,1920037.0550599631
2026-04-07,2326627.814857257,1946835.2350896585
2026-04-08,2401906.642729398,2022121.6884235314
2026-04-09,2378358.140924228,2000676.8993077287
2026-04-10,2409992.003674247,2018638.0941978018
2026-04-13,2420155.15196071,2022172.686070505
2026-04-14,2422477.6841451786,2042230.525271285
2026-04-15,2371323.9240397876,2034249.2045420117
2026-04-16,2423335.4533129246,2064303.5047920994
2026-04-17,2425621.6505884076,2066777.8495965782
2026-04-20,2457935.4043941507,2082165.236969773
2026-04-21,2283079.217080583,2077923.0487748648
2026-04-22,2417289.38438374,2088354.0800619503
2026-04-23,2133118.9203034868,2064964.7711378685
2026-04-24,2130098.39941805,2056025.2566147982
2026-04-27,1198356.8291393863,2073415.3287400221
