date,code,side,amount,cost
2024-09-19,300280,buy,49885.0,114.7355
2024-09-19,001267,buy,49885.0,114.7355
2024-09-19,002693,buy,49885.0,114.7355
2024-09-19,601515,buy,49885.0,114.7355
2024-09-19,300901,buy,49885.0,114.7355
2024-09-19,301511,buy,49885.0,114.7355
2024-09-19,603172,buy,49885.0,114.7355
2024-09-19,000040,buy,49885.0,114.7355
2024-09-19,603003,buy,49885.0,114.7355
2024-09-19,600696,buy,49885.0,114.7355
2024-09-19,300536,buy,49885.0,114.7355
2024-09-19,600193,buy,49885.0,114.7355
2024-09-19,300205,buy,49885.0,114.7355
2024-09-19,833819,buy,49885.0,114.7355
2024-09-19,300391,buy,49885.0,114.7355
2024-09-19,300175,buy,49885.0,114.7355
2024-09-19,000615,buy,49885.0,114.7355
2024-09-19,688488,buy,49885.0,114.7355
2024-09-19,300406,buy,49885.0,114.7355
2024-09-19,300630,buy,49885.0,114.7355
2024-10-24,300280,sell,76074.62499999999,251.04626249999995
2024-10-24,300901,sell,69516.68869309842,229.4050726872248
2024-10-24,301511,sell,66269.01037165083,218.68773422644773
2024-10-24,600193,sell,68287.0222222222,225.34717333333325
2024-10-24,300205,sell,62534.775051124736,206.36475766871163
2024-10-24,833819,sell,87126.33640552993,287.51691013824876
2024-10-24,300391,sell,97449.76744186046,321.5842325581395
2024-10-24,000615,sell,60223.86010362695,198.7387383419689
2024-10-24,001267,sell,62660.4268292683,206.77940853658538
2024-10-24,002693,sell,183866.48970747567,606.7594160346697
2024-10-24,601515,sell,69367.98283261804,228.91434334763954
2024-10-24,000040,sell,49884.99999999998,164.62049999999994
2024-10-24,603003,sell,69256.58629441625,228.54673477157363
2024-10-24,600696,sell,115854.41588785048,382.3195724299066
2024-10-24,300536,sell,77032.6326129666,254.20768762278976
2024-10-24,300175,sell,64774.422657952055,213.7555947712418
2024-10-24,688488,sell,67161.51424287855,221.6329970014992
2024-10-24,300406,sell,63172.951327433606,208.4707393805309
2024-10-24,300630,sell,76781.82602921649,253.38002589641442
2024-10-24,603559,buy,77841.26529760948,179.0349101845018
2024-10-24,000796,buy,77841.26529760948,179.0349101845018
2024-10-24,600811,buy,77841.26529760948,179.0349101845018
2024-10-24,600292,buy,77841.26529760948,179.0349101845018
2024-10-24,002656,buy,77841.26529760948,179.0349101845018
2024-10-24,000958,buy,77841.26529760948,179.0349101845018
2024-10-24,002650,buy,77841.26529760948,179.0349101845018
2024-10-24,000506,buy,77841.26529760948,179.0349101845018
2024-10-24,603268,buy,77841.26529760948,179.0349101845018
2024-10-24,002251,buy,77841.26529760948,179.0349101845018
2024-10-24,600611,buy,77841.26529760948,179.0349101845018
2024-10-24,300532,buy,77841.26529760948,179.0349101845018
2024-10-24,002808,buy,77841.26529760948,179.0349101845018
2024-10-24,603828,buy,77841.26529760948,179.0349101845018
2024-10-24,600686,buy,77841.26529760948,179.0349101845018
2024-10-24,603656,buy,77841.26529760948,179.0349101845018
2024-10-24,603535,buy,77841.26529760948,179.0349101845018
2024-10-24,600289,buy,77841.26529760948,179.0349101845018
2024-10-24,603991,buy,77841.26529760948,179.0349101845018
2024-11-21,000796,sell,65899.70755308984,217.4690349251965
2024-11-21,002656,sell,82863.28241358427,273.44883196482806
2024-11-21,000958,sell,84917.74396102851,280.22855507139406
2024-11-21,002251,sell,91279.65963237593,301.2228767868406
2024-11-21,600611,sell,81292.80331547315,268.2662509410614
2024-11-21,300532,sell,73168.32994009109,241.4554888023006
2024-11-21,600686,sell,74907.39242753117,247.19439501085287
2024-11-21,603991,sell,60815.01132553943,200.68953737428012
2024-11-21,603559,sell,111975.83407080715,369.5202524336636
2024-11-21,600811,sell,101092.55233455778,333.6054227040407
2024-11-21,600292,sell,126257.9973212085,416.65139115998807
2024-11-21,002650,sell,111813.22644123978,368.9836472560913
2024-11-21,000506,sell,112437.38320765816,371.04336458527195
2024-11-21,603268,sell,130830.09945086244,431.73932818784607
2024-11-21,603172,sell,57669.34232026142,190.30882965686268
2024-11-21,002808,sell,115096.03429218524,379.8169131642113
2024-11-21,603828,sell,92246.05460535215,304.4119801976621
2024-11-21,603656,sell,77110.74247417001,254.46545016476102
2024-11-21,603535,sell,88812.18188317862,293.0802002144895
2024-11-21,600289,sell,81962.27346042413,270.4755024193996
2024-11-21,002611,buy,90613.18008901323,208.4103142047304
2024-11-21,000626,buy,90613.18008901323,208.4103142047304
2024-11-21,002469,buy,90613.18008901323,208.4103142047304
2024-11-21,603015,buy,90613.18008901323,208.4103142047304
2024-11-21,002741,buy,90613.18008901323,208.4103142047304
2024-11-21,002052,buy,90613.18008901323,208.4103142047304
2024-11-21,300049,buy,90613.18008901323,208.4103142047304
2024-11-21,300117,buy,90613.18008901323,208.4103142047304
2024-11-21,600470,buy,90613.18008901323,208.4103142047304
2024-11-21,600889,buy,90613.18008901323,208.4103142047304
2024-11-21,001229,buy,90613.18008901323,208.4103142047304
2024-11-21,600288,buy,90613.18008901323,208.4103142047304
2024-11-21,000833,buy,90613.18008901323,208.4103142047304
2024-11-21,002095,buy,90613.18008901323,208.4103142047304
2024-11-21,000973,buy,90613.18008901323,208.4103142047304
2024-11-21,000615,buy,90613.18008901323,208.4103142047304
2024-11-21,600800,buy,90613.18008901323,208.4103142047304
2024-11-21,603527,buy,90613.18008901323,208.4103142047304
2024-11-21,002761,buy,90613.18008901323,208.4103142047304
2024-11-21,002875,buy,90613.18008901323,208.4103142047304
2024-12-19,002469,sell,59469.65852900784,196.24987314572587
2024-12-19,002741,sell,98510.87345417216,325.08588239876815
2024-12-19,600889,sell,174639.2318382223,576.3094650661336
2024-12-19,600288,sell,78376.528418873,258.6425437822809
2024-12-19,001229,sell,87585.03555032428,289.0306173160701
2024-12-19,002095,sell,86179.63679481637,284.392801422894
2024-12-19,000615,sell,105862.00003926792,349.34460012958414
2024-12-19,603527,sell,73857.45822340496,243.72961213723636
2024-12-19,002761,sell,69360.00948176449,228.8880312898228
2024-12-19,002875,sell,100856.40914255385,332.8261501704277
2024-12-19,002611,sell,71671.44187831554,236.5157581984413
2024-12-19,000626,sell,77702.59506313798,256.41856370835535
2024-12-19,603015,sell,89061.58453954387,293.90322898049476
2024-12-19,002052,sell,125236.12007935676,413.2791962618773
2024-12-19,300117,sell,100268.68288538349,330.88665352176554
2024-12-19,600470,sell,73353.52673872499,242.06663823779246
2024-12-19,000833,sell,63156.11852275142,208.4151911250797
2024-12-19,000973,sell,58347.35928580377,192.54628564315243
2024-12-19,600800,sell,64348.49020813981,212.35001768686138
2024-12-19,300049,sell,87344.27061326854,288.23609302378617
2024-12-19,837006,buy,86771.84083778237,199.57523392689944
2024-12-19,836961,buy,86771.84083778237,199.57523392689944
2024-12-19,688726,buy,86771.84083778237,199.57523392689944
2024-12-19,832471,buy,86771.84083778237,199.57523392689944
2024-12-19,600383,buy,86771.84083778237,199.57523392689944
2024-12-19,000159,buy,86771.84083778237,199.57523392689944
2024-12-19,834021,buy,86771.84083778237,199.57523392689944
2024-12-19,002742,buy,86771.84083778237,199.57523392689944
2024-12-19,300469,buy,86771.84083778237,199.57523392689944
2024-12-19,833230,buy,86771.84083778237,199.57523392689944
2024-12-19,835985,buy,86771.84083778237,199.57523392689944
2024-12-19,002332,buy,86771.84083778237,199.57523392689944
2024-12-19,300108,buy,86771.84083778237,199.57523392689944
2024-12-19,300097,buy,86771.84083778237,199.57523392689944
2024-12-19,600898,buy,86771.84083778237,199.57523392689944
2024-12-19,839680,buy,86771.84083778237,199.57523392689944
2024-12-19,831010,buy,86771.84083778237,199.57523392689944
2024-12-19,831856,buy,86771.84083778237,199.57523392689944
2024-12-19,873806,buy,86771.84083778237,199.57523392689944
2024-12-19,300630,buy,86771.84083778237,199.57523392689944
2025-01-17,837006,sell,86958.44694711089,286.96287492546594
2025-01-17,836961,sell,94317.21830193738,311.24682039639333
2025-01-17,835985,sell,84544.88250280725,278.9981122592639
2025-01-17,832471,sell,83605.42980370186,275.89791835221615
2025-01-17,600383,sell,86397.82428244711,285.11282013207546
2025-01-17,002332,sell,83118.28964461257,274.29035582722145
2025-01-17,300097,sell,74007.05764015813,244.22329021252185
2025-01-17,000159,sell,71915.4499064651,237.32098469133484
2025-01-17,873806,sell,80547.44032314036,265.80655306636316
2025-01-17,002742,sell,75025.43443616114,247.58393363933178
2025-01-17,600898,sell,54591.555493969034,180.1521331300978
2025-01-17,833230,sell,78317.96663851314,258.4492899070934
2025-01-17,839680,sell,71766.18415154936,236.82840770011288
2025-01-17,831010,sell,85806.51751573039,283.16150780191026
2025-01-17,831856,sell,88259.35810928718,291.2558817606477
2025-01-17,688726,sell,78490.85890673933,259.0198343922398
2025-01-17,300469,sell,89599.80099709955,295.6793432904285
2025-01-17,002647,buy,79978.38607246848,183.9502879666775
2025-01-17,300010,buy,79978.38607246848,183.9502879666775
2025-01-17,300067,buy,79978.38607246848,183.9502879666775
2025-01-17,600070,buy,79978.38607246848,183.9502879666775
2025-01-17,300093,buy,79978.38607246848,183.9502879666775
2025-01-17,837592,buy,79978.38607246848,183.9502879666775
2025-01-17,600807,buy,79978.38607246848,183.9502879666775
2025-01-17,835640,buy,79978.38607246848,183.9502879666775
2025-01-17,002529,buy,79978.38607246848,183.9502879666775
2025-01-17,831641,buy,79978.38607246848,183.9502879666775
2025-01-17,300125,buy,79978.38607246848,183.9502879666775
2025-01-17,300612,buy,79978.38607246848,183.9502879666775
2025-01-17,300152,buy,79978.38607246848,183.9502879666775
2025-01-17,873223,buy,79978.38607246848,183.9502879666775
2025-01-17,000903,buy,79978.38607246848,183.9502879666775
2025-01-17,839719,buy,79978.38607246848,183.9502879666775
2025-01-17,836149,buy,79978.38607246848,183.9502879666775
2025-02-24,835640,sell,92566.09361210807,305.46810891995665
2025-02-24,002647,sell,95498.94416177928,315.14651573387164
2025-02-24,300010,sell,101890.27266766525,336.2378998032953
2025-02-24,831641,sell,87254.52622551109,287.9399365441866
2025-02-24,300125,sell,107836.02616512605,355.85888634491596
2025-02-24,300612,sell,90525.56886134935,298.73437724245287
2025-02-24,300067,sell,99470.21710753815,328.25171645487586
2025-02-24,300152,sell,74548.66077947519,246.01058057226814
2025-02-24,600070,sell,70729.18496204694,233.40631037475492
2025-02-24,300108,sell,45474.01284546884,150.06424239004716
2025-02-24,834021,sell,95317.55243544278,314.54792303696115
2025-02-24,300630,sell,39121.01728245894,129.0993570321145
2025-02-24,873223,sell,93149.42981059324,307.3931183749577
2025-02-24,000903,sell,100682.01083590889,332.25063575849936
2025-02-24,300093,sell,82602.49859695745,272.58824536995957
2025-02-24,837592,sell,92189.75989705225,304.22620766027245
2025-02-24,836149,sell,92542.55820885286,305.39044208921445
2025-02-24,002253,buy,85484.2816618825,196.61384782232975
2025-02-24,600243,buy,85484.2816618825,196.61384782232975
2025-02-24,300006,buy,85484.2816618825,196.61384782232975
2025-02-24,000004,buy,85484.2816618825,196.61384782232975
2025-02-24,600228,buy,85484.2816618825,196.61384782232975
2025-02-24,002848,buy,85484.2816618825,196.61384782232975
2025-02-24,002693,buy,85484.2816618825,196.61384782232975
2025-02-24,870436,buy,85484.2816618825,196.61384782232975
2025-02-24,002808,buy,85484.2816618825,196.61384782232975
2025-02-24,600130,buy,85484.2816618825,196.61384782232975
2025-02-24,002306,buy,85484.2816618825,196.61384782232975
2025-02-24,603021,buy,85484.2816618825,196.61384782232975
2025-02-24,002789,buy,85484.2816618825,196.61384782232975
2025-02-24,600636,buy,85484.2816618825,196.61384782232975
2025-02-24,002199,buy,85484.2816618825,196.61384782232975
2025-02-24,002816,buy,85484.2816618825,196.61384782232975
2025-02-24,600892,buy,85484.2816618825,196.61384782232975
2025-03-24,002253,sell,76519.16497356097,252.5132444127512
2025-03-24,600807,sell,79694.77477433921,262.9927567553194
2025-03-24,600243,sell,86836.88105526671,286.56170748238014
2025-03-24,603021,sell,81811.92588643168,269.9793554252245
2025-03-24,002529,sell,101291.60335692173,334.26229107784167
2025-03-24,600228,sell,93514.11633853683,308.59658391717153
2025-03-24,002789,sell,92218.74857806634,304.32187030761895
2025-03-24,600636,sell,79036.56212047534,260.8206549975686
2025-03-24,600892,sell,93453.15537612575,308.39541274121495
2025-03-24,870436,sell,101182.64107866376,333.9027155595904
2025-03-24,002199,sell,67278.179361538,222.0179918930754
2025-03-24,839719,sell,97620.67711786597,322.1482344889577
2025-03-24,002816,sell,72918.149900392,240.6298946712936
2025-03-24,002808,sell,87834.36500653904,289.85340452157885
2025-03-24,600130,sell,69630.05398524266,229.77917815130078
2025-03-24,002306,sell,104336.32856830525,344.30988427540734
2025-03-24,300736,buy,86089.90847135987,198.0067894841277
2025-03-24,000736,buy,86089.90847135987,198.0067894841277
2025-03-24,002486,buy,86089.90847135987,198.0067894841277
2025-03-24,300078,buy,86089.90847135987,198.0067894841277
2025-03-24,300025,buy,86089.90847135987,198.0067894841277
2025-03-24,300410,buy,86089.90847135987,198.0067894841277
2025-03-24,600265,buy,86089.90847135987,198.0067894841277
2025-03-24,300052,buy,86089.90847135987,198.0067894841277
2025-03-24,603356,buy,86089.90847135987,198.0067894841277
2025-03-24,002898,buy,86089.90847135987,198.0067894841277
2025-03-24,688148,buy,86089.90847135987,198.0067894841277
2025-03-24,002141,buy,86089.90847135987,198.0067894841277
2025-03-24,002231,buy,86089.90847135987,198.0067894841277
2025-03-24,002193,buy,86089.90847135987,198.0067894841277
2025-03-24,603335,buy,86089.90847135987,198.0067894841277
2025-03-24,300427,buy,86089.90847135987,198.0067894841277
2025-04-22,300736,sell,81528.2109537117,269.0430961472486
2025-04-22,000736,sell,71958.69990753019,237.46370969484963
2025-04-22,300006,sell,75533.73035732472,249.26131017917157
2025-04-22,002486,sell,86089.90847135987,284.09669795548757
2025-04-22,002898,sell,70417.40933118813,232.37745079292083
2025-04-22,300025,sell,76971.72009131209,254.0066763013299
2025-04-22,002848,sell,65626.74314552455,216.56825238023103
2025-04-22,688148,sell,77951.15662007588,257.2388168462504
2025-04-22,002141,sell,105752.418430868,348.9829808218644
2025-04-22,002231,sell,63501.18019355349,209.55389463872652
2025-04-22,002693,sell,51451.86009460477,169.79113831219576
2025-04-22,300410,sell,79366.69657169176,261.91009868658284
2025-04-22,600265,sell,104492.5609168076,344.8254510254651
2025-04-22,002193,sell,74581.36167918156,246.11849354129913
2025-04-22,300052,sell,72098.2407465691,237.92419446367805
2025-04-22,603356,sell,81882.25584630508,270.2114442928068
2025-04-22,603335,sell,84030.34128304978,277.3001262340643
2025-04-22,300427,sell,77845.57101185583,256.89038433912424
2025-04-22,300542,buy,77402.88545180061,178.0266365391414
2025-04-22,000820,buy,77402.88545180061,178.0266365391414
2025-04-22,002723,buy,77402.88545180061,178.0266365391414
2025-04-22,301333,buy,77402.88545180061,178.0266365391414
2025-04-22,300103,buy,77402.88545180061,178.0266365391414
2025-04-22,603922,buy,77402.88545180061,178.0266365391414
2025-04-22,301486,buy,77402.88545180061,178.0266365391414
2025-04-22,300287,buy,77402.88545180061,178.0266365391414
2025-04-22,300071,buy,77402.88545180061,178.0266365391414
2025-04-22,300093,buy,77402.88545180061,178.0266365391414
2025-04-22,300134,buy,77402.88545180061,178.0266365391414
2025-04-22,600421,buy,77402.88545180061,178.0266365391414
2025-04-22,300152,buy,77402.88545180061,178.0266365391414
2025-04-22,300296,buy,77402.88545180061,178.0266365391414
2025-04-22,300547,buy,77402.88545180061,178.0266365391414
2025-04-22,300159,buy,77402.88545180061,178.0266365391414
2025-04-22,002816,buy,77402.88545180061,178.0266365391414
2025-04-22,300472,buy,77402.88545180061,178.0266365391414
2025-05-23,300542,sell,72291.73943897535,238.56274014861864
2025-05-23,000820,sell,111168.81313434805,366.85708334334856
2025-05-23,300078,sell,84197.82257089042,277.8528144839384
2025-05-23,300103,sell,84363.57658955241,278.39980274552295
2025-05-23,300071,sell,76149.39742828967,251.2930115133559
2025-05-23,300093,sell,93562.44632314322,308.7560728663726
2025-05-23,300134,sell,80952.83793205404,267.1443651757783
2025-05-23,300152,sell,66155.34231806087,218.31262964960086
2025-05-23,300296,sell,76144.3019485193,251.2761964301137
2025-05-23,300547,sell,72451.9590496742,239.09146486392487
2025-05-23,002816,sell,135063.45886304206,445.7094142480388
2025-05-23,002723,sell,80319.5159181003,265.05440252973096
2025-05-23,301333,sell,81171.50081728406,267.8659526970374
2025-05-23,000004,sell,65037.57646844294,214.6240023458617
2025-05-23,603922,sell,81454.27615037968,268.79911129625293
2025-05-23,301486,sell,93086.42600818456,307.18520582700904
2025-05-23,300287,sell,75823.23472829447,250.21667460337176
2025-05-23,600421,sell,105511.1917139526,348.1869326560436
2025-05-23,300159,sell,95393.82639465155,314.79962710235014
2025-05-23,300472,sell,58886.910060423754,194.3268031993984
2025-05-23,000736,buy,83987.34513101645,193.17089380133783
2025-05-23,301038,buy,83987.34513101645,193.17089380133783
2025-05-23,002514,buy,83987.34513101645,193.17089380133783
2025-05-23,600228,buy,83987.34513101645,193.17089380133783
2025-05-23,600238,buy,83987.34513101645,193.17089380133783
2025-05-23,600126,buy,83987.34513101645,193.17089380133783
2025-05-23,600381,buy,83987.34513101645,193.17089380133783
2025-05-23,300052,buy,83987.34513101645,193.17089380133783
2025-05-23,002581,buy,83987.34513101645,193.17089380133783
2025-05-23,300716,buy,83987.34513101645,193.17089380133783
2025-05-23,300326,buy,83987.34513101645,193.17089380133783
2025-05-23,000504,buy,83987.34513101645,193.17089380133783
2025-05-23,603261,buy,83987.34513101645,193.17089380133783
2025-05-23,603021,buy,83987.34513101645,193.17089380133783
2025-05-23,002047,buy,83987.34513101645,193.17089380133783
2025-05-23,002717,buy,83987.34513101645,193.17089380133783
2025-05-23,002762,buy,83987.34513101645,193.17089380133783
2025-05-23,002862,buy,83987.34513101645,193.17089380133783
2025-05-23,300561,buy,83987.34513101645,193.17089380133783
2025-05-23,001367,buy,83987.34513101645,193.17089380133783
2025-06-23,000736,sell,87224.9525396951,287.84234338099384
2025-06-23,600381,sell,96809.84057086626,319.47247388385864
2025-06-23,002581,sell,94098.84368487351,310.5261841600826
2025-06-23,300326,sell,86812.0316264542,286.4797043672989
2025-06-23,603021,sell,83757.87151043992,276.40097598445175
2025-06-23,002717,sell,68962.08613968782,227.57488426096978
2025-06-23,002762,sell,88779.37126055613,292.9719251598352
2025-06-23,300561,sell,70209.10734204802,231.69005422875847
2025-06-23,001367,sell,70868.3916086135,233.86569230842454
2025-06-23,301038,sell,96894.8739616779,319.7530840735371
2025-06-23,002514,sell,91129.12617957227,300.7261163925885
2025-06-23,600228,sell,99067.36719942835,326.92231175811355
2025-06-23,600238,sell,86217.0976566186,284.5164222668414
2025-06-23,600126,sell,77805.3113148534,256.75752733901624
2025-06-23,300052,sell,81864.30809534866,270.1522167146506
2025-06-23,300716,sell,77847.5805904042,256.8970159483339
2025-06-23,000504,sell,107582.04325370373,355.0207427372223
2025-06-23,603261,sell,87517.38092527863,288.8073570534195
2025-06-23,002047,sell,80559.29022770961,265.8456577514417
2025-06-23,002862,sell,79410.71513124091,262.055359933095
2025-06-23,000564,buy,85192.21715055566,195.942099446278
2025-06-23,836239,buy,85192.21715055566,195.942099446278
2025-06-23,605555,buy,85192.21715055566,195.942099446278
2025-06-23,300622,buy,85192.21715055566,195.942099446278
2025-06-23,000584,buy,85192.21715055566,195.942099446278
2025-06-23,688152,buy,85192.21715055566,195.942099446278
2025-06-23,002336,buy,85192.21715055566,195.942099446278
2025-06-23,001202,buy,85192.21715055566,195.942099446278
2025-06-23,688372,buy,85192.21715055566,195.942099446278
2025-06-23,839680,buy,85192.21715055566,195.942099446278
2025-06-23,002837,buy,85192.21715055566,195.942099446278
2025-06-23,835305,buy,85192.21715055566,195.942099446278
2025-06-23,600480,buy,85192.21715055566,195.942099446278
2025-06-23,301550,buy,85192.21715055566,195.942099446278
2025-06-23,001331,buy,85192.21715055566,195.942099446278
2025-06-23,000882,buy,85192.21715055566,195.942099446278
2025-06-23,600804,buy,85192.21715055566,195.942099446278
2025-06-23,300477,buy,85192.21715055566,195.942099446278
2025-06-23,600387,buy,85192.21715055566,195.942099446278
2025-06-23,688378,buy,85192.21715055566,195.942099446278
2025-07-21,000564,sell,90114.43414147665,297.37763266687296
2025-07-21,002336,sell,82825.76667415134,273.3250300246994
2025-07-21,688372,sell,85116.42336305515,280.884197098082
2025-07-21,835305,sell,198288.55869119268,654.3522436809359
2025-07-21,301550,sell,97894.47952057817,323.051782417908
2025-07-21,001331,sell,88426.2873320953,291.80674819591445
2025-07-21,000882,sell,87827.0279902636,289.82919236786984
2025-07-21,600804,sell,85192.21715055566,281.1343165968337
2025-07-21,300477,sell,87953.07603969403,290.2451509309903
2025-07-21,600387,sell,89064.5906573991,293.913149169417
2025-07-21,688378,sell,91464.03681808125,301.83132149966815
2025-07-21,836239,sell,83672.18033617573,276.11819510937994
2025-07-21,605555,sell,87111.44106633787,287.46775551891494
2025-07-21,300622,sell,81167.38799383646,267.8523803796603
2025-07-21,000584,sell,81915.59341399581,270.3214582661862
2025-07-21,688152,sell,81362.30387953289,268.49560280245856
2025-07-21,001202,sell,85902.15229347697,283.47710256847404
2025-07-21,002837,sell,97239.6013940686,320.89068460042637
2025-07-21,600480,sell,88511.39444213572,292.08760165904783
2025-07-21,839680,sell,242560.60415150182,800.4499936999559
2025-07-21,603843,buy,100117.88202307813,230.2711286530797
2025-07-21,002096,buy,100117.88202307813,230.2711286530797
2025-07-21,605133,buy,100117.88202307813,230.2711286530797
2025-07-21,600081,buy,100117.88202307813,230.2711286530797
2025-07-21,603388,buy,100117.88202307813,230.2711286530797
2025-07-21,300564,buy,100117.88202307813,230.2711286530797
2025-07-21,003001,buy,100117.88202307813,230.2711286530797
2025-07-21,600326,buy,100117.88202307813,230.2711286530797
2025-07-21,688583,buy,100117.88202307813,230.2711286530797
2025-07-21,002827,buy,100117.88202307813,230.2711286530797
2025-07-21,688096,buy,100117.88202307813,230.2711286530797
2025-07-21,603389,buy,100117.88202307813,230.2711286530797
2025-07-21,301139,buy,100117.88202307813,230.2711286530797
2025-07-21,002037,buy,100117.88202307813,230.2711286530797
2025-07-21,605033,buy,100117.88202307813,230.2711286530797
2025-07-21,000903,buy,100117.88202307813,230.2711286530797
2025-07-21,300921,buy,100117.88202307813,230.2711286530797
2025-07-21,301501,buy,100117.88202307813,230.2711286530797
2025-07-21,000627,buy,100117.88202307813,230.2711286530797
2025-07-21,838810,buy,100117.88202307813,230.2711286530797
2025-08-18,605133,sell,101032.06592373068,333.40581754831123
2025-08-18,300564,sell,87255.18193574113,287.94210038794574
2025-08-18,688583,sell,103568.39788516962,341.77571302105974
2025-08-18,002827,sell,97952.59164099439,323.2435524152815
2025-08-18,301139,sell,111291.0156408268,367.2603516147284
2025-08-18,002037,sell,101824.92178476743,336.0222418897325
2025-08-18,301501,sell,94927.47856304597,313.2606792580517
2025-08-18,000627,sell,76463.65714949372,252.3300685933293
2025-08-18,603843,sell,87015.20618784307,287.15018041988213
2025-08-18,002096,sell,90628.95316595852,299.0755454476631
2025-08-18,600081,sell,102648.74298128231,338.7408518382316
2025-08-18,003001,sell,82878.64908300966,273.49954197393185
2025-08-18,600326,sell,143309.3755619384,472.9209393543967
2025-08-18,688096,sell,88820.17607001518,293.1065810310501
2025-08-18,603389,sell,115068.3711171284,379.7256246865237
2025-08-18,605033,sell,75610.78108216196,249.5155775711345
2025-08-18,000903,sell,94318.37056442421,311.2506228625999
2025-08-18,300921,sell,96325.53800705244,317.87427542327305
2025-08-18,838810,sell,103489.25989036159,341.51455763819325
2025-08-18,600200,buy,97056.24215311791,223.2293569521712
2025-08-18,601019,buy,97056.24215311791,223.2293569521712
2025-08-18,002272,buy,97056.24215311791,223.2293569521712
2025-08-18,000711,buy,97056.24215311791,223.2293569521712
2025-08-18,603626,buy,97056.24215311791,223.2293569521712
2025-08-18,002052,buy,97056.24215311791,223.2293569521712
2025-08-18,688531,buy,97056.24215311791,223.2293569521712
2025-08-18,300810,buy,97056.24215311791,223.2293569521712
2025-08-18,603221,buy,97056.24215311791,223.2293569521712
2025-08-18,300081,buy,97056.24215311791,223.2293569521712
2025-08-18,600421,buy,97056.24215311791,223.2293569521712
2025-08-18,600480,buy,97056.24215311791,223.2293569521712
2025-08-18,601609,buy,97056.24215311791,223.2293569521712
2025-08-18,300651,buy,97056.24215311791,223.2293569521712
2025-08-18,002355,buy,97056.24215311791,223.2293569521712
2025-08-18,600115,buy,97056.24215311791,223.2293569521712
2025-08-18,002103,buy,97056.24215311791,223.2293569521712
2025-08-18,300225,buy,97056.24215311791,223.2293569521712
2025-08-18,600791,buy,97056.24215311791,223.2293569521712
2025-09-15,600200,sell,98099.85766014073,323.7295302784644
2025-09-15,000711,sell,94401.0767333169,311.52355321994577
2025-09-15,002272,sell,92370.39694372762,304.8223099143012
2025-09-15,601019,sell,85612.92975951887,282.5226682064123
2025-09-15,603626,sell,123903.38767016714,408.88117931155153
2025-09-15,688531,sell,93584.01438694168,308.82724747690753
2025-09-15,300810,sell,70075.58525397714,231.24943133812457
2025-09-15,603221,sell,83108.8059043508,274.25905948435764
2025-09-15,300081,sell,93826.69994487056,309.62810981807286
2025-09-15,300651,sell,107774.6271561144,355.6562696151775
2025-09-15,600115,sell,95863.90502592965,316.3508865855678
2025-09-15,002052,sell,76209.09315365368,251.49000740705713
2025-09-15,600421,sell,93557.70319178457,308.7404205328891
2025-09-15,600480,sell,92864.44431926234,306.4526662535657
2025-09-15,601609,sell,89384.3840858319,294.96846748324526
2025-09-15,002355,sell,90605.37409460254,298.99773451218834
2025-09-15,002103,sell,93122.76579818474,307.30512713400964
2025-09-15,300225,sell,128277.13123733764,423.3145330832142
2025-09-15,600791,sell,100362.76743689144,331.1971325417418
2025-09-15,603843,buy,94364.81905097021,217.03908381723147
2025-09-15,603879,buy,94364.81905097021,217.03908381723147
2025-09-15,600016,buy,94364.81905097021,217.03908381723147
2025-09-15,000691,buy,94364.81905097021,217.03908381723147
2025-09-15,300280,buy,94364.81905097021,217.03908381723147
2025-09-15,603367,buy,94364.81905097021,217.03908381723147
2025-09-15,603051,buy,94364.81905097021,217.03908381723147
2025-09-15,002174,buy,94364.81905097021,217.03908381723147
2025-09-15,688382,buy,94364.81905097021,217.03908381723147
2025-09-15,600735,buy,94364.81905097021,217.03908381723147
2025-09-15,600171,buy,94364.81905097021,217.03908381723147
2025-09-15,300477,buy,94364.81905097021,217.03908381723147
2025-09-15,600525,buy,94364.81905097021,217.03908381723147
2025-09-15,600475,buy,94364.81905097021,217.03908381723147
2025-09-15,002058,buy,94364.81905097021,217.03908381723147
2025-09-15,002940,buy,94364.81905097021,217.03908381723147
2025-09-15,003041,buy,94364.81905097021,217.03908381723147
2025-09-15,300340,buy,94364.81905097021,217.03908381723147
2025-09-15,000571,buy,94364.81905097021,217.03908381723147
2025-10-21,300280,sell,71187.49507353891,234.91873374267843
2025-10-21,603367,sell,105674.62383310874,348.72625864925885
2025-10-21,002174,sell,97598.03595869266,322.0735186636858
2025-10-21,300477,sell,92532.49246745622,305.3572251426055
2025-10-21,600525,sell,79811.04098838275,263.37643526166306
2025-10-21,600475,sell,89702.08681551051,296.01688649118466
2025-10-21,002940,sell,93426.40850074087,308.30714805244486
2025-10-21,300340,sell,84106.38835062842,277.55108155707376
2025-10-21,603843,sell,125003.1163492814,412.5102839526286
2025-10-21,600016,sell,92536.92909356645,305.37186600876925
2025-10-21,603879,sell,90724.20103202845,299.38986340569386
2025-10-21,603051,sell,80867.97317791893,266.86431148713245
2025-10-21,603388,sell,49607.959560984666,163.7062665512494
2025-10-21,688382,sell,74267.3752192403,245.082338223493
2025-10-21,600171,sell,86319.94964816039,284.85583383892924
2025-10-21,002058,sell,91962.67510096454,303.476827833183
2025-10-21,000691,sell,128313.13809979492,423.43335572932324
2025-10-21,003041,sell,106791.46188895809,352.4118242335617
2025-10-21,000571,sell,108765.87577360829,358.92739005290736
2025-10-21,002723,buy,91548.76169957046,210.56215190901204
2025-10-21,300911,buy,91548.76169957046,210.56215190901204
2025-10-21,688313,buy,91548.76169957046,210.56215190901204
2025-10-21,000609,buy,91548.76169957046,210.56215190901204
2025-10-21,000056,buy,91548.76169957046,210.56215190901204
2025-10-21,300237,buy,91548.76169957046,210.56215190901204
2025-10-21,300591,buy,91548.76169957046,210.56215190901204
2025-10-21,000788,buy,91548.76169957046,210.56215190901204
2025-10-21,603300,buy,91548.76169957046,210.56215190901204
2025-10-21,002097,buy,91548.76169957046,210.56215190901204
2025-10-21,002231,buy,91548.76169957046,210.56215190901204
2025-10-21,300152,buy,91548.76169957046,210.56215190901204
2025-10-21,002193,buy,91548.76169957046,210.56215190901204
2025-10-21,000558,buy,91548.76169957046,210.56215190901204
2025-10-21,688189,buy,91548.76169957046,210.56215190901204
2025-10-21,601528,buy,91548.76169957046,210.56215190901204
2025-10-21,002622,buy,91548.76169957046,210.56215190901204
2025-10-21,688166,buy,91548.76169957046,210.56215190901204
2025-10-21,002278,buy,91548.76169957046,210.56215190901204
2025-11-18,000788,sell,92705.77606544182,305.92906101595804
2025-11-18,002723,sell,87237.91542375425,287.88512089838906
2025-11-18,300237,sell,106443.5999125958,351.2638797115662
2025-11-18,603300,sell,95902.12938878074,316.47702698297644
2025-11-18,300911,sell,83250.09696996908,274.72532000089797
2025-11-18,002097,sell,75045.07336597446,247.64874210771572
2025-11-18,300152,sell,114752.36489531415,378.6828041545367
2025-11-18,002231,sell,87202.23295419026,287.76736874882783
2025-11-18,002193,sell,100934.15633423867,333.0827159029876
2025-11-18,000558,sell,96794.62419991559,319.42225985972146
2025-11-18,688166,sell,88345.68656119412,291.5407656519406
2025-11-18,688313,sell,105755.5180026885,348.9932094088721
2025-11-18,601528,sell,90896.00760545586,299.95682509800434
2025-11-18,002622,sell,92927.50811070859,306.6607767653383
2025-11-18,000056,sell,89297.56264138431,294.6819567165682
2025-11-18,600735,sell,102122.51839878812,337.00431071600076
2025-11-18,300591,sell,101907.18840049165,336.29372172162243
2025-11-18,002278,sell,84940.61912758202,280.30404312102064
2025-11-18,601003,buy,93721.24871230492,215.5588720383013
2025-11-18,000565,buy,93721.24871230492,215.5588720383013
2025-11-18,002470,buy,93721.24871230492,215.5588720383013
2025-11-18,000932,buy,93721.24871230492,215.5588720383013
2025-11-18,000608,buy,93721.24871230492,215.5588720383013
2025-11-18,002277,buy,93721.24871230492,215.5588720383013
2025-11-18,002263,buy,93721.24871230492,215.5588720383013
2025-11-18,600756,buy,93721.24871230492,215.5588720383013
2025-11-18,688496,buy,93721.24871230492,215.5588720383013
2025-11-18,301489,buy,93721.24871230492,215.5588720383013
2025-11-18,600725,buy,93721.24871230492,215.5588720383013
2025-11-18,603398,buy,93721.24871230492,215.5588720383013
2025-11-18,300844,buy,93721.24871230492,215.5588720383013
2025-11-18,002868,buy,93721.24871230492,215.5588720383013
2025-11-18,688360,buy,93721.24871230492,215.5588720383013
2025-11-18,601778,buy,93721.24871230492,215.5588720383013
2025-11-18,300379,buy,93721.24871230492,215.5588720383013
2025-11-18,600094,buy,93721.24871230492,215.5588720383013
2025-12-16,002263,sell,83422.21039227133,275.2932942944954
2025-12-16,600725,sell,100627.02493321165,332.06918227959846
2025-12-16,688360,sell,105436.40480134301,347.94013584443195
2025-12-16,688189,sell,85680.25133421338,282.74482940290414
2025-12-16,601778,sell,103333.68447766958,341.00115877630964
2025-12-16,600094,sell,89742.51645565043,296.1503043036464
2025-12-16,601003,sell,88836.16431996471,293.15934225588353
2025-12-16,002470,sell,83679.68635027223,276.1429649558983
2025-12-16,000565,sell,90807.63476269964,299.66519471690884
2025-12-16,000932,sell,88398.010833637,291.7134357510021
2025-12-16,000608,sell,78887.66977942211,260.329310272093
2025-12-16,002277,sell,105436.40480134304,347.94013584443206
2025-12-16,000609,sell,165678.01610503558,546.7374531466174
2025-12-16,600756,sell,68432.63649156965,225.82770042217984
2025-12-16,688496,sell,77329.94428307246,255.1888161341391
2025-12-16,301489,sell,106860.39070680653,352.63928933246154
2025-12-16,603398,sell,72587.0577487293,239.5372905708067
2025-12-16,300844,sell,84239.91475888854,277.9917187043322
2025-12-16,002868,sell,69745.57581973901,230.16040020513873
2025-12-16,300379,sell,117443.22452745264,387.5626409405937
2025-12-16,002021,buy,92808.72652876226,213.4600710161532
2025-12-16,600165,buy,92808.72652876226,213.4600710161532
2025-12-16,300056,buy,92808.72652876226,213.4600710161532
2025-12-16,688501,buy,92808.72652876226,213.4600710161532
2025-12-16,002425,buy,92808.72652876226,213.4600710161532
2025-12-16,300281,buy,92808.72652876226,213.4600710161532
2025-12-16,600599,buy,92808.72652876226,213.4600710161532
2025-12-16,600986,buy,92808.72652876226,213.4600710161532
2025-12-16,300723,buy,92808.72652876226,213.4600710161532
2025-12-16,301550,buy,92808.72652876226,213.4600710161532
2025-12-16,300125,buy,92808.72652876226,213.4600710161532
2025-12-16,300205,buy,92808.72652876226,213.4600710161532
2025-12-16,603226,buy,92808.72652876226,213.4600710161532
2025-12-16,002065,buy,92808.72652876226,213.4600710161532
2025-12-16,002343,buy,92808.72652876226,213.4600710161532
2025-12-16,000668,buy,92808.72652876226,213.4600710161532
2025-12-16,300391,buy,92808.72652876226,213.4600710161532
2025-12-16,002388,buy,92808.72652876226,213.4600710161532
2025-12-16,002199,buy,92808.72652876226,213.4600710161532
2025-12-16,600530,buy,92808.72652876226,213.4600710161532
2026-01-15,600599,sell,94576.51179597678,312.10248892672337
2026-01-15,600986,sell,128347.05431801279,423.5452792494422
2026-01-15,301550,sell,173385.21753422613,572.1712178629463
2026-01-15,300125,sell,99122.75475081123,327.1050906776771
2026-01-15,300205,sell,116687.89489292653,385.07005314665753
2026-01-15,002065,sell,103053.18705270217,340.07551727391717
2026-01-15,002343,sell,97339.13856294176,321.2191572577078
2026-01-15,000668,sell,118567.08071365183,391.27136635505104
2026-01-15,002199,sell,113896.35228186428,375.8579625301521
2026-01-15,002021,sell,105080.95483008622,346.76715093928453
2026-01-15,600165,sell,102034.44891621164,336.71368142349843
2026-01-15,300056,sell,94949.64294234387,313.33382170973476
2026-01-15,688501,sell,111251.48628768296,367.1299047493538
2026-01-15,002425,sell,100501.42846029064,331.6547139189591
2026-01-15,300281,sell,107673.63398114065,355.3229921377641
2026-01-15,300723,sell,105391.07337669283,347.7905421430863
2026-01-15,603226,sell,90642.10131718578,299.11893434671305
2026-01-15,002388,sell,109909.44000365048,362.7011520120466
2026-01-15,600530,sell,97242.26442026363,320.89947258687
2026-01-15,603559,buy,108320.37604873792,249.1368649120972
2026-01-15,603122,buy,108320.37604873792,249.1368649120972
2026-01-15,000797,buy,108320.37604873792,249.1368649120972
2026-01-15,600228,buy,108320.37604873792,249.1368649120972
2026-01-15,002713,buy,108320.37604873792,249.1368649120972
2026-01-15,000753,buy,108320.37604873792,249.1368649120972
2026-01-15,000608,buy,108320.37604873792,249.1368649120972
2026-01-15,605158,buy,108320.37604873792,249.1368649120972
2026-01-15,600616,buy,108320.37604873792,249.1368649120972
2026-01-15,603363,buy,108320.37604873792,249.1368649120972
2026-01-15,002554,buy,108320.37604873792,249.1368649120972
2026-01-15,600410,buy,108320.37604873792,249.1368649120972
2026-01-15,300290,buy,108320.37604873792,249.1368649120972
2026-01-15,603021,buy,108320.37604873792,249.1368649120972
2026-01-15,600058,buy,108320.37604873792,249.1368649120972
2026-01-15,300344,buy,108320.37604873792,249.1368649120972
2026-01-15,002816,buy,108320.37604873792,249.1368649120972
2026-01-15,002629,buy,108320.37604873792,249.1368649120972
2026-01-15,600403,buy,108320.37604873792,249.1368649120972
2026-02-12,603122,sell,97772.7683153269,322.65013544057877
2026-02-12,600616,sell,107726.29720386371,355.49678077275024
2026-02-12,603363,sell,105195.74981656279,347.14597439465723
2026-02-12,002554,sell,108893.49973153548,359.3485491140671
2026-02-12,600410,sell,121226.21439560896,400.04650750550957
2026-02-12,603021,sell,143978.63648714236,475.12950040756976
2026-02-12,300391,sell,53033.55801643556,175.01074145423735
2026-02-12,300344,sell,200536.32284206903,661.7698653788278
2026-02-12,002816,sell,100892.69311968159,332.9458872949492
2026-02-12,600403,sell,116118.08700060323,383.18968710199067
2026-02-12,600058,sell,98762.6958091434,325.91689617017323
2026-02-12,603559,sell,114289.4081162534,377.15504678363624
2026-02-12,000797,sell,103305.54382425932,340.90829462005576
2026-02-12,600228,sell,121088.17702786671,399.59098419196016
2026-02-12,002713,sell,116947.66263669051,385.9272867010787
2026-02-12,000753,sell,104898.1663658795,346.1639490074023
2026-02-12,000608,sell,117991.83819594665,389.37306604662393
2026-02-12,605158,sell,108715.22553615736,358.7602442693193
2026-02-12,300290,sell,100094.24021497816,330.3109927094279
2026-02-12,002629,sell,113014.25901084986,372.9470547358045
2026-02-12,001896,buy,112094.19743072198,257.81665409066056
2026-02-12,300212,buy,112094.19743072198,257.81665409066056
2026-02-12,000016,buy,112094.19743072198,257.81665409066056
2026-02-12,600589,buy,112094.19743072198,257.81665409066056
2026-02-12,600381,buy,112094.19743072198,257.81665409066056
2026-02-12,605188,buy,112094.19743072198,257.81665409066056
2026-02-12,000592,buy,112094.19743072198,257.81665409066056
2026-02-12,000669,buy,112094.19743072198,257.81665409066056
2026-02-12,600696,buy,112094.19743072198,257.81665409066056
2026-02-12,600599,buy,112094.19743072198,257.81665409066056
2026-02-12,603778,buy,112094.19743072198,257.81665409066056
2026-02-12,300300,buy,112094.19743072198,257.81665409066056
2026-02-12,000638,buy,112094.19743072198,257.81665409066056
2026-02-12,600965,buy,112094.19743072198,257.81665409066056
2026-02-12,600537,buy,112094.19743072198,257.81665409066056
2026-02-12,603533,buy,112094.19743072198,257.81665409066056
2026-02-12,002199,buy,112094.19743072198,257.81665409066056
2026-02-12,605033,buy,112094.19743072198,257.81665409066056
2026-02-12,300561,buy,112094.19743072198,257.81665409066056
2026-02-12,002702,buy,112094.19743072198,257.81665409066056
2026-03-20,001896,sell,199237.60310877234,657.4840902589488
2026-03-20,600589,sell,82859.62281649277,273.4367552944262
2026-03-20,600381,sell,117290.61717916605,387.05903669124797
2026-03-20,605188,sell,98600.80425573722,325.38265404393286
2026-03-20,000592,sell,109556.21560210186,361.5355114869361
2026-03-20,600599,sell,108410.35056680157,357.7541568704452
2026-03-20,000638,sell,75067.60732917128,247.72310418626523
2026-03-20,600965,sell,99078.06012074216,326.95759839844914
2026-03-20,603533,sell,70557.96372034813,232.84128027714883
2026-03-20,002199,sell,97766.36768393799,322.62901335699536
2026-03-20,000016,sell,85635.41478844496,282.59686880186837
2026-03-20,300561,sell,109636.8204212795,361.80150739022235
2026-03-20,002702,sell,96132.56413961595,317.2374616607326
2026-03-20,300212,sell,93844.29337371398,309.68616813325616
2026-03-20,000669,sell,164244.97377549642,542.0084134591382
2026-03-20,600696,sell,96961.4807775745,319.97288656599585
2026-03-20,603778,sell,200081.24306062976,660.2681021000782
2026-03-20,300300,sell,111368.08117206141,367.51466786780264
2026-03-20,600537,sell,112432.85059516526,371.02840696404536
2026-03-20,605033,sell,82770.63688902637,273.14310173378703
2026-03-20,002225,buy,109958.8814241233,252.9054272754836
2026-03-20,000561,buy,109958.8814241233,252.9054272754836
2026-03-20,300551,buy,109958.8814241233,252.9054272754836
2026-03-20,002486,buy,109958.8814241233,252.9054272754836
2026-03-20,300305,buy,109958.8814241233,252.9054272754836
2026-03-20,002856,buy,109958.8814241233,252.9054272754836
2026-03-20,600281,buy,109958.8814241233,252.9054272754836
2026-03-20,002418,buy,109958.8814241233,252.9054272754836
2026-03-20,300591,buy,109958.8814241233,252.9054272754836
2026-03-20,603429,buy,109958.8814241233,252.9054272754836
2026-03-20,002578,buy,109958.8814241233,252.9054272754836
2026-03-20,688622,buy,109958.8814241233,252.9054272754836
2026-03-20,002909,buy,109958.8814241233,252.9054272754836
2026-03-20,000410,buy,109958.8814241233,252.9054272754836
2026-03-20,603123,buy,109958.8814241233,252.9054272754836
2026-03-20,002105,buy,109958.8814241233,252.9054272754836
2026-03-20,002337,buy,109958.8814241233,252.9054272754836
2026-03-20,000908,buy,109958.8814241233,252.9054272754836
2026-03-20,300350,buy,109958.8814241233,252.9054272754836
2026-03-20,603878,buy,109958.8814241233,252.9054272754836
2026-04-20,000561,sell,120784.4792634452,398.5887815693692
2026-04-20,300551,sell,106751.74738258634,352.2807663625349
2026-04-20,002486,sell,119575.05736615688,394.5976893083177
2026-04-20,002856,sell,131552.3319230455,434.1226953460502
2026-04-20,600281,sell,124010.4220523581,409.23439277278175
2026-04-20,002418,sell,168934.321586435,557.4832612352354
2026-04-20,300591,sell,112549.95963146644,371.4148667838392
2026-04-20,002578,sell,123821.8922626948,408.61224446689283
2026-04-20,688622,sell,97921.89323418468,323.14224767280945
2026-04-20,002909,sell,115322.72929847073,380.5650066849534
2026-04-20,603123,sell,120157.08805758196,396.5183905900205
2026-04-20,000908,sell,110019.24050510781,363.0634936668558
2026-04-20,300350,sell,107903.57522927987,356.0817982566236
2026-04-20,300305,sell,115882.59220791442,382.4125542861176
2026-04-20,603429,sell,135647.6683081274,447.6373054168204
2026-04-20,000410,sell,114590.53477584144,378.1487647602768
2026-04-20,002105,sell,114676.5892079966,378.4327443863888
2026-04-20,002337,sell,117022.2123489368,386.1733007514914
2026-04-20,002225,sell,130012.85774942451,429.0424305731009
2026-04-20,603878,sell,129594.39596414535,427.66150668167967
2026-04-20,603668,buy,120161.39340514099,276.3712048318243
2026-04-20,301225,buy,120161.39340514099,276.3712048318243
2026-04-20,688210,buy,120161.39340514099,276.3712048318243
2026-04-20,300212,buy,120161.39340514099,276.3712048318243
2026-04-20,600491,buy,120161.39340514099,276.3712048318243
2026-04-20,600238,buy,120161.39340514099,276.3712048318243
2026-04-20,000639,buy,120161.39340514099,276.3712048318243
2026-04-20,000752,buy,120161.39340514099,276.3712048318243
2026-04-20,300029,buy,120161.39340514099,276.3712048318243
2026-04-20,603008,buy,120161.39340514099,276.3712048318243
2026-04-20,300044,buy,120161.39340514099,276.3712048318243
2026-04-20,300081,buy,120161.39340514099,276.3712048318243
2026-04-20,002207,buy,120161.39340514099,276.3712048318243
2026-04-20,600696,buy,120161.39340514099,276.3712048318243
2026-04-20,600961,buy,120161.39340514099,276.3712048318243
2026-04-20,600423,buy,120161.39340514099,276.3712048318243
2026-04-20,002496,buy,120161.39340514099,276.3712048318243
2026-04-20,002575,buy,120161.39340514099,276.3712048318243
2026-04-20,002843,buy,120161.39340514099,276.3712048318243
2026-04-20,002175,buy,120161.39340514099,276.3712048318243
